{
  "ufos": [
    {
      "trajectory": [
        [
          -33.80362313960536,
          200
        ],
        [
          -33.80362313960536,
          200
        ],
        [
          -33.80362313960536,
          200
        ],
        [
          -33.80362313960536,
          200
        ],
        [
          -33.80362313960536,
          200
        ],
        [
          -33.80362313960536,
          200
        ],
        [
          -33.80362313960536,
          97.32342387209643
        ],
        [
          -41.48090780523941,
          71.78357532339832
        ],
        [
          -23.567243585426624,
          27.5996373341506
        ],
        [
          -38.92181291669472,
          3.0813827274004257
        ],
        [
          -38.92181291669472,
          -10
        ]
      ],
      "health": 40.3181761176121
    },
    {
      "trajectory": [
        [
          -22.893797562125393,
          200
        ],
        [
          -22.893797562125393,
          200
        ],
        [
          -22.893797562125393,
          200
        ],
        [
          -22.893797562125393,
          200
        ],
        [
          -22.893797562125393,
          200
        ],
        [
          -22.893797562125393,
          200
        ],
        [
          -22.893797562125393,
          95.53563447368757
        ],
        [
          -16.42871573843356,
          79.44552988800775
        ],
        [
          -28.146676543875003,
          73.5713647218072
        ],
        [
          -34.34237995824634,
          57.60895937887087
        ],
        [
          -26.395716883291804,
          39.34796766655173
        ],
        [
          -15.48589130581184,
          17.639096400158344
        ],
        [
          -28.011987339214762,
          2.1874880281959914
        ],
        [
          -28.011987339214762,
          -10
        ]
      ],
      "health": 11.619375127231102
    },
    {
      "trajectory": [
        [
          -8.212674254158529,
          200
        ],
        [
          -8.212674254158529,
          200
        ],
        [
          -8.212674254158529,
          200
        ],
        [
          -8.212674254158529,
          200
        ],
        [
          -8.212674254158529,
          200
        ],
        [
          -8.212674254158529,
          200
        ],
        [
          -8.212674254158529,
          200
        ],
        [
          -8.212674254158529,
          200
        ],
        [
          -8.212674254158529,
          96.68492765837898
        ],
        [
          6.468449053808342,
          82.25491322836454
        ],
        [
          -20.06532426426022,
          67.31410182737616
        ],
        [
          -1.2088356118257053,
          39.85876463752569
        ],
        [
          -7.808606640177786,
          25.173351722024286
        ],
        [
          -13.19617482658765,
          12.914224418649196
        ],
        [
          -6.327025388915075,
          1.8043902999655206
        ],
        [
          -6.327025388915075,
          -10
        ]
      ],
      "health": 29.437107862512505
    },
    {
      "trajectory": [
        [
          18.321099063910026,
          200
        ],
        [
          18.321099063910026,
          200
        ],
        [
          18.321099063910026,
          200
        ],
        [
          18.321099063910026,
          200
        ],
        [
          18.321099063910026,
          97.06802538660945
        ],
        [
          5.795003030507104,
          66.42020712817173
        ],
        [
          12.394774058859184,
          45.222132832752294
        ],
        [
          16.166071789346077,
          33.218404014864184
        ],
        [
          17.917031449929283,
          22.619366867154476
        ],
        [
          11.317260421577217,
          16.23440472997995
        ],
        [
          5.390935416526361,
          3.7198789411178783
        ],
        [
          5.390935416526361,
          -10
        ]
      ],
      "health": 48.71199979680686
    },
    {
      "trajectory": [
        [
          45.124250791299076,
          200
        ],
        [
          45.124250791299076,
          200
        ],
        [
          45.124250791299076,
          200
        ],
        [
          45.124250791299076,
          200
        ],
        [
          45.124250791299076,
          200
        ],
        [
          45.124250791299076,
          95.28023598820057
        ],
        [
          28.961546232069495,
          80.46712382995568
        ],
        [
          43.642669540036366,
          30.02592294627692
        ],
        [
          32.32877634857566,
          19.93768276954117
        ],
        [
          32.7328439625564,
          8.572450165370517
        ],
        [
          40.94888544683144,
          6.018465310500707
        ],
        [
          40.94888544683144,
          -10
        ]
      ],
      "health": 33.33528157820125
    },
    {
      "trajectory": [
        [
          -42.827799851841874,
          200
        ],
        [
          -42.827799851841874,
          200
        ],
        [
          -42.827799851841874,
          200
        ],
        [
          -42.827799851841874,
          96.42952917289199
        ],
        [
          36.100074079062566,
          65.52631242896729
        ],
        [
          -11.17583675668395,
          48.03151617310908
        ],
        [
          -20.06532426426022,
          22.874765352641454
        ],
        [
          -4.306687319011381,
          12.531126690418725
        ],
        [
          21.823018385076438,
          3.592179698374389
        ],
        [
          21.823018385076438,
          -10
        ]
      ],
      "health": 30.18747423269561
    },
    {
      "trajectory": [
        [
          31.116573506633443,
          200
        ],
        [
          31.116573506633443,
          200
        ],
        [
          31.116573506633443,
          200
        ],
        [
          31.116573506633443,
          200
        ],
        [
          31.116573506633443,
          90.81076249217841
        ],
        [
          -20.06532426426022,
          77.40234200411192
        ],
        [
          -9.155498686780255,
          58.6305533208188
        ],
        [
          0.9461916627382294,
          49.69160632877446
        ],
        [
          -0.13132197454373795,
          29.770524460789943
        ],
        [
          -32.99548791164388,
          14.957412302545043
        ],
        [
          -36.63209643747054,
          4.613773640322313
        ],
        [
          -36.63209643747054,
          -10
        ]
      ],
      "health": 15.589831398667155
    },
    {
      "trajectory": [
        [
          -37.17085325611152,
          200
        ],
        [
          -37.17085325611152,
          88.89527385102605
        ],
        [
          20.341437133813727,
          71.14507910968088
        ],
        [
          31.924708734594915,
          53.2671851255922
        ],
        [
          33.67566839517812,
          37.0493812971689
        ],
        [
          -9.69425550542124,
          30.664419159994374
        ],
        [
          -30.975149841740183,
          9.849442592805422
        ],
        [
          -36.093339618829546,
          1.5489918144785406
        ],
        [
          -36.093339618829546,
          -10
        ]
      ],